Scores,X - XBar,X - XBar2
50,-14.142857142857139,200.0204081632652
10,-54.14285714285714,2931.448979591836
100,35.85714285714286,1285.7346938775513
99,34.85714285714286,1215.0204081632655
80,15.857142857142861,251.44897959183686
80,15.857142857142861,251.44897959183686
30,-34.14285714285714,1165.7346938775509
